"stem","title","source_file","source_format","archive_master","game_asset","duration_seconds","target_lufs","true_peak_ceiling_dbtp","game_codec"
"PTX_05_FoundryFreeway_A","Foundry Freeway A","neon-taxi-sprint-2.mp3","Suno MP3","audio_masters/suno_batch_02/normalized_wav/PTX_05_FoundryFreeway_A_master.wav","assets/audio/music/game/PTX_05_FoundryFreeway_A.ogg","163.608","-16","-1.5","Vorbis q6 / 48 kHz stereo"
"PTX_05_FoundryFreeway_B","Foundry Freeway B","neon-taxi-sprint.mp3","Suno MP3","audio_masters/suno_batch_02/normalized_wav/PTX_05_FoundryFreeway_B_master.wav","assets/audio/music/game/PTX_05_FoundryFreeway_B.ogg","162.048","-16","-1.5","Vorbis q6 / 48 kHz stereo"
"PTX_06_WetAsphalt_A","Wet Asphalt A","neon-taxi-loop-2.mp3","Suno MP3","audio_masters/suno_batch_02/normalized_wav/PTX_06_WetAsphalt_A_master.wav","assets/audio/music/game/PTX_06_WetAsphalt_A.ogg","151.968","-16","-1.5","Vorbis q6 / 48 kHz stereo"
"PTX_06_WetAsphalt_B","Wet Asphalt B","neon-taxi-loop.mp3","Suno MP3","audio_masters/suno_batch_02/normalized_wav/PTX_06_WetAsphalt_B_master.wav","assets/audio/music/game/PTX_06_WetAsphalt_B.ogg","178.512","-16","-1.5","Vorbis q6 / 48 kHz stereo"
"PTX_07_FareEvasion_A","Fare Evasion A","pre-shift-boogie.mp3","Suno MP3","audio_masters/suno_batch_02/normalized_wav/PTX_07_FareEvasion_A_master.wav","assets/audio/music/game/PTX_07_FareEvasion_A.ogg","126.768","-16","-1.5","Vorbis q6 / 48 kHz stereo"
"PTX_07_FareEvasion_B","Fare Evasion B","pre-shift-boogie-2.mp3","Suno MP3","audio_masters/suno_batch_02/normalized_wav/PTX_07_FareEvasion_B_master.wav","assets/audio/music/game/PTX_07_FareEvasion_B.ogg","173.232","-16","-1.5","Vorbis q6 / 48 kHz stereo"
"PTX_08_RedlineReceipt_A","Redline Receipt A","glassy-hook-rubber-bass.mp3","Suno MP3","audio_masters/suno_batch_02/normalized_wav/PTX_08_RedlineReceipt_A_master.wav","assets/audio/music/game/PTX_08_RedlineReceipt_A.ogg","174.072","-16","-1.5","Vorbis q6 / 48 kHz stereo"
"PTX_08_RedlineReceipt_B","Redline Receipt B","final-meter-tick.mp3","Suno MP3","audio_masters/suno_batch_02/normalized_wav/PTX_08_RedlineReceipt_B_master.wav","assets/audio/music/game/PTX_08_RedlineReceipt_B.ogg","86.712","-16","-1.5","Vorbis q6 / 48 kHz stereo"
"PTX_09_LastFareOut_A","Last Fare Out A","impossible-fare-2.mp3","Suno MP3","audio_masters/suno_batch_02/normalized_wav/PTX_09_LastFareOut_A_master.wav","assets/audio/music/game/PTX_09_LastFareOut_A.ogg","172.08","-16","-1.5","Vorbis q6 / 48 kHz stereo"
"PTX_09_LastFareOut_B","Last Fare Out B","impossible-fare.mp3","Suno MP3","audio_masters/suno_batch_02/normalized_wav/PTX_09_LastFareOut_B_master.wav","assets/audio/music/game/PTX_09_LastFareOut_B.ogg","158.448","-16","-1.5","Vorbis q6 / 48 kHz stereo"
"PTX_10_ChromeAndCoffee_A","Chrome And Coffee A","neon-repair-shop.mp3","Suno MP3","audio_masters/suno_batch_02/normalized_wav/PTX_10_ChromeAndCoffee_A_master.wav","assets/audio/music/game/PTX_10_ChromeAndCoffee_A.ogg","229.992","-16","-1.5","Vorbis q6 / 48 kHz stereo"
"PTX_10_ChromeAndCoffee_B","Chrome And Coffee B","neon-repair-shop-2.mp3","Suno MP3","audio_masters/suno_batch_02/normalized_wav/PTX_10_ChromeAndCoffee_B_master.wav","assets/audio/music/game/PTX_10_ChromeAndCoffee_B.ogg","178.032","-16","-1.5","Vorbis q6 / 48 kHz stereo"
"PTX_11_PaidInFull_A","Paid In Full A","neon-cab-victory-2.mp3","Suno MP3","audio_masters/suno_batch_02/normalized_wav/PTX_11_PaidInFull_A_master.wav","assets/audio/music/game/PTX_11_PaidInFull_A.ogg","62.448","-16","-1.5","Vorbis q6 / 48 kHz stereo"
"PTX_11_PaidInFull_B","Paid In Full B","neon-cab-victory.mp3","Suno MP3","audio_masters/suno_batch_02/normalized_wav/PTX_11_PaidInFull_B_master.wav","assets/audio/music/game/PTX_11_PaidInFull_B.ogg","54","-16","-1.5","Vorbis q6 / 48 kHz stereo"
"PTX_12_MeterExpired_A","Meter Expired A","shift-expired.mp3","Suno MP3","audio_masters/suno_batch_02/normalized_wav/PTX_12_MeterExpired_A_master.wav","assets/audio/music/game/PTX_12_MeterExpired_A.ogg","163.992","-16","-1.5","Vorbis q6 / 48 kHz stereo"
"PTX_12_MeterExpired_B","Meter Expired B","shift-expired-2.mp3","Suno MP3","audio_masters/suno_batch_02/normalized_wav/PTX_12_MeterExpired_B_master.wav","assets/audio/music/game/PTX_12_MeterExpired_B.ogg","183.552","-16","-1.5","Vorbis q6 / 48 kHz stereo"
"PTX_RADIO_15_ExactChange_A","Exact Change A","exact-change-loose-plans.mp3","Suno MP3","audio_masters/suno_batch_02/normalized_wav/PTX_RADIO_15_ExactChange_A_master.wav","assets/audio/music/game/PTX_RADIO_15_ExactChange_A.ogg","191.448","-16","-1.5","Vorbis q6 / 48 kHz stereo"
"PTX_RADIO_15_ExactChange_B","Exact Change B","exact-change-loose-plans-2.mp3","Suno MP3","audio_masters/suno_batch_02/normalized_wav/PTX_RADIO_15_ExactChange_B_master.wav","assets/audio/music/game/PTX_RADIO_15_ExactChange_B.ogg","188.232","-16","-1.5","Vorbis q6 / 48 kHz stereo"
"PTX_RADIO_16_DontCloseYet_A","Dont Close Yet A","dont-close-yet.mp3","Suno MP3","audio_masters/suno_batch_02/normalized_wav/PTX_RADIO_16_DontCloseYet_A_master.wav","assets/audio/music/game/PTX_RADIO_16_DontCloseYet_A.ogg","282.792","-16","-1.5","Vorbis q6 / 48 kHz stereo"
"PTX_RADIO_16_DontCloseYet_B","Dont Close Yet B","dont-close-yet-2.mp3","Suno MP3","audio_masters/suno_batch_02/normalized_wav/PTX_RADIO_16_DontCloseYet_B_master.wav","assets/audio/music/game/PTX_RADIO_16_DontCloseYet_B.ogg","307.44","-16","-1.5","Vorbis q6 / 48 kHz stereo"
